objectid,filename,youtubeid,title,format,description,creator,recipient,date,date-is-approximate?,item_information,subject,location,latitude,longitude,related_publication,publisher-digital,source,findingaid,original-identifier,identifier,rights,rightsstatement,type,language,relation
psychiana004,good_news_04.mp3,,Good News - Purpose of the Program,audio/mp3,"Radio program episode outlines the purpose of the 'Good News' radio program, to broadcast positive and peaceful things rather than negative. Episode includes organ music and songs sung by Al Marino, jokes made in the face of war, and urges listeners to buy quality-made products for better piece of mind.",,,1947,yes,radio program,Peace; Good News; Quality Products; World War; Organ,,,,Good News,"University of Idaho Library Digital Initiatives, https://www.lib.uidaho.edu/digital/","MG 101, Frank Bruce Robinson. Papers, 1929-1951, University of Idaho Library Special Collections and Archives",https://archiveswest.orbiscascade.org/ark:/80444/xv97133/op=fstyle.aspx?t=k&q=psychiana,"MG-101, Box 5, Tapes",good_news_04,"Educational use includes non-commercial use of text and images in materials for teaching and research purposes. Digital reproduction permissions granted by University of Idaho Library Special Collections and Archives Department. For other uses beyond free use, please contact University of Idaho Library Special Collections and Archives Department at libspec@uidaho.edu.",https://rightsstatements.org/vocab/InC-EDU/1.0/,Sound,eng,https://archiveswest.orbiscascade.org/ark:/80444/xv97133/op=fstyle.aspx?t=k&q=psychiana
psychiana003,good_news_05.mp3,,Good News - Man's Quest,audio/mp3,"Radio program episode discusses man's quest for answers, then introduces Robinson and his concept of the Cosmic God-Power. Robinson discusses the God-Power, reads a student letter asking for help, and uses the discovery of the 'cosmic ray' by Professor Milikan as evidence that there is invisible power around us. Robinson claims this Power is for our use and can bring anyone what they desire. Also includes a testimonial from a man claimed to live in Holland.",,,1947,yes,radio program,"Spirit of God, God-Power;  Cosmic Rays; Science and Technology; Student Letters; Hardship; Material Abundance; Testimonials",,,,Good News,"University of Idaho Library Digital Initiatives, https://www.lib.uidaho.edu/digital/","MG 101, Frank Bruce Robinson. Papers, 1929-1951, University of Idaho Library Special Collections and Archives",https://archiveswest.orbiscascade.org/ark:/80444/xv97133/op=fstyle.aspx?t=k&q=psychiana,"MG-101, Box 5, Tapes",good_news_05,"Educational use includes non-commercial use of text and images in materials for teaching and research purposes. Digital reproduction permissions granted by University of Idaho Library Special Collections and Archives Department. For other uses beyond free use, please contact University of Idaho Library Special Collections and Archives Department at libspec@uidaho.edu.",https://rightsstatements.org/vocab/InC-EDU/1.0/,Sound,eng,https://archiveswest.orbiscascade.org/ark:/80444/xv97133/op=fstyle.aspx?t=k&q=psychiana
psychiana002,good_news_06.mp3,,Good News,audio/mp3,"Radio program corresponding with transcript of Radio Psychiana - Series for Dr. Frank B. Robinson No. 3. Episode begins proclaiming the growth of Pyschiana and then takes listeners to Robinson's home in Moscow, Idaho, describing its appearance. A dialogue begins between a 'guide' and Robinson about miracles, healing, the God-Law, the mail Robinson receives, and the 'Life Impulse' or 'motivating spirit' that allows people to think and live with God.",The Izzard Company,,1947,yes,radio program,God-Law; Life Spirit; Mircales; Healing; Sudent Letters; Testimonials,"Springfield, IL",39.770372,-89.639463,Good News,"University of Idaho Library Digital Initiatives, https://www.lib.uidaho.edu/digital/","MG 101, Frank Bruce Robinson. Papers, 1929-1951, University of Idaho Library Special Collections and Archives",https://archiveswest.orbiscascade.org/ark:/80444/xv97133/op=fstyle.aspx?t=k&q=psychiana,"MG-101, Box 5, Tapes",good_news_06,"Educational use includes non-commercial use of text and images in materials for teaching and research purposes. Digital reproduction permissions granted by University of Idaho Library Special Collections and Archives Department. For other uses beyond free use, please contact University of Idaho Library Special Collections and Archives Department at libspec@uidaho.edu.",https://rightsstatements.org/vocab/InC-EDU/1.0/,Sound,eng,https://archiveswest.orbiscascade.org/ark:/80444/xv97133/op=fstyle.aspx?t=k&q=psychiana
psychiana013,mg101_b6_f7_miscellanious_negatives_010.jpg,,Negative photograph of several copies of the June 1948 edition of the 'The Way: A Quarterly Publication of the Psychiana Religion.',image/jpeg,"Negative photograph of the covers of The Way that include rays of light moving to a point behind a picture of mountains, a mountain lake, and clouds.","Robinson, Frank B.",,1948,yes,single-page; negatives,Robinson's Writings; Psychiana Journal,,,,The Way Magazine,"University of Idaho Library Digital Initiatives, https://www.lib.uidaho.edu/digital/","MG 101, Frank Bruce Robinson. Papers, 1929-1951, University of Idaho Library Special Collections and Archives",https://archiveswest.orbiscascade.org/ark:/80444/xv97133/op=fstyle.aspx?t=k&q=psychiana,"MG-101, Box 6, Folder - 'Miscellaneous Negatives'",mg101_b6_f7_miscellanious_negatives_010,"Educational use includes non-commercial use of text and images in materials for teaching and research purposes. Digital reproduction permissions granted by University of Idaho Library Special Collections and Archives Department. For other uses beyond free use, please contact University of Idaho Library Special Collections and Archives Department at libspec@uidaho.edu.",https://rightsstatements.org/vocab/InC-EDU/1.0/,Image;StillImage,eng,https://archiveswest.orbiscascade.org/ark:/80444/xv97133/op=fstyle.aspx?t=k&q=psychiana
psychiana011,mg101_b6_f7_miscellanious_negatives_012.jpg,,Negative photograph of a Psychiana pin,image/jpeg,Negative photograph of a pin worn by members of Psychiana. Pin includes a small hand holding a lit torch with the capital letter 'P' prominently in front.,"Robinson, Frank B.",,1936,yes,single-page; buttons (information artifacts),Psychiana Pin,,,,,"University of Idaho Library Digital Initiatives, https://www.lib.uidaho.edu/digital/","MG 101, Frank Bruce Robinson. Papers, 1929-1951, University of Idaho Library Special Collections and Archives",https://archiveswest.orbiscascade.org/ark:/80444/xv97133/op=fstyle.aspx?t=k&q=psychiana,"MG-101, Box 6, Folder - 'Miscellaneous Negatives'",mg101_b6_f7_miscellanious_negatives_012,"Educational use includes non-commercial use of text and images in materials for teaching and research purposes. Digital reproduction permissions granted by University of Idaho Library Special Collections and Archives Department. For other uses beyond free use, please contact University of Idaho Library Special Collections and Archives Department at libspec@uidaho.edu.",https://rightsstatements.org/vocab/InC-EDU/1.0/,Image;StillImage,eng,https://archiveswest.orbiscascade.org/ark:/80444/xv97133/op=fstyle.aspx?t=k&q=psychiana
psychiana012,mg101_b6_f7_miscellanious_negatives_014.jpg,,Negative photograph of the development site of Robinson lake,image/jpeg,Negative photograph from overhead view of a lake either after or during its development. Photograph includes a storage structure and several dirt roads running around and into the lake.,"Robinson, Frank B.",,1935,yes,single-page; negatives,Recreation; Latah County,"Robinson Lake, Moscow, ID",46.755184,-116.909892,,"University of Idaho Library Digital Initiatives, https://www.lib.uidaho.edu/digital/","MG 101, Frank Bruce Robinson. Papers, 1929-1951, University of Idaho Library Special Collections and Archives",https://archiveswest.orbiscascade.org/ark:/80444/xv97133/op=fstyle.aspx?t=k&q=psychiana,"MG-101, Box 6, Folder - 'Miscellaneous Negatives'",mg101_b6_f7_miscellanious_negatives_014,"Educational use includes non-commercial use of text and images in materials for teaching and research purposes. Digital reproduction permissions granted by University of Idaho Library Special Collections and Archives Department. For other uses beyond free use, please contact University of Idaho Library Special Collections and Archives Department at libspec@uidaho.edu.",https://rightsstatements.org/vocab/InC-EDU/1.0/,Image;StillImage,eng,https://archiveswest.orbiscascade.org/ark:/80444/xv97133/op=fstyle.aspx?t=k&q=psychiana
psychiana005,mg101_b6_frank_robinson_negatives_009.jpg,,I Talked With God Advertisement,image/jpeg,"Photograph of Psychiana Advertisement pinned to a board, reads 'I TALKED WITH GOD...'",,,1935,yes,single-page; photographs,Advertising,"Spokane, WA",47.65557,-117.419063,,"University of Idaho Library Digital Initiatives, https://www.lib.uidaho.edu/digital/","MG 101, Frank Bruce Robinson. Papers, 1929-1951, University of Idaho Library Special Collections and Archives",https://archiveswest.orbiscascade.org/ark:/80444/xv97133/op=fstyle.aspx?t=k&q=psychiana,"MG-101, Box 6, Folder - 'Frank B. Robinson Negatives'",mg101_b6_frank_robinson_negatives_009,"Educational use includes non-commercial use of text and images in materials for teaching and research purposes. Digital reproduction permissions granted by University of Idaho Library Special Collections and Archives Department. For other uses beyond free use, please contact University of Idaho Library Special Collections and Archives Department at libspec@uidaho.edu.",https://rightsstatements.org/vocab/InC-EDU/1.0/,Image;StillImage,eng,https://archiveswest.orbiscascade.org/ark:/80444/xv97133/op=fstyle.aspx?t=k&q=psychiana
psychiana008,mg101_b6_photographs_26.jpg,,"Label of a photograph mailed from Frank B. Robinson to his son, Albert B. Robinson",image/jpeg,"Photograph of a brown paper label torn from a package used to mail a photograph from Frank B. Robinson to Alfred B. Robinson, including addresses and postage.",,,1948-01-20,,single-page; photographs,Mailings; Alfred B. Robinson,,,,,"University of Idaho Library Digital Initiatives, https://www.lib.uidaho.edu/digital/","MG 101, Frank Bruce Robinson. Papers, 1929-1951, University of Idaho Library Special Collections and Archives",https://archiveswest.orbiscascade.org/ark:/80444/xv97133/op=fstyle.aspx?t=k&q=psychiana,"MG-101, Box 6, Folder - 'Photographs'",mg101_b6_photographs_26,"Educational use includes non-commercial use of text and images in materials for teaching and research purposes. Digital reproduction permissions granted by University of Idaho Library Special Collections and Archives Department. For other uses beyond free use, please contact University of Idaho Library Special Collections and Archives Department at libspec@uidaho.edu.",https://rightsstatements.org/vocab/InC-EDU/1.0/,Image;StillImage,eng,https://archiveswest.orbiscascade.org/ark:/80444/xv97133/op=fstyle.aspx?t=k&q=psychiana
psychiana020,mg101_b6_psychiana_photographs_001.jpg,,"Photograph of Corner Drug Store in Moscow, ID",image/jpeg,"Photograph of the corner drug store in Moscow, Idaho where Frank Robinson worked as a clerk and wrote the first lessons of Psychiana.",,,1935,yes,single-page; photographs,"Moscow, Idaho; Drug Store Clerk","Moscow, ID",46.732505,-117.001181,,"University of Idaho Library Digital Initiatives, https://www.lib.uidaho.edu/digital/","MG 101, Frank Bruce Robinson. Papers, 1929-1951, University of Idaho Library Special Collections and Archives",https://archiveswest.orbiscascade.org/ark:/80444/xv97133/op=fstyle.aspx?t=k&q=psychiana,"MG-101, Box 6, Folder - 'Psychiana Photographs'",mg101_b6_psychiana_photographs_001,"Educational use includes non-commercial use of text and images in materials for teaching and research purposes. Digital reproduction permissions granted by University of Idaho Library Special Collections and Archives Department. For other uses beyond free use, please contact University of Idaho Library Special Collections and Archives Department at libspec@uidaho.edu.",https://rightsstatements.org/vocab/InC-EDU/1.0/,Image;StillImage,eng,https://archiveswest.orbiscascade.org/ark:/80444/xv97133/op=fstyle.aspx?t=k&q=psychiana
psychiana018,mg101_b6_psychiana_photographs_002.jpg,,"Photograph of 1st and Main Street, Moscow, ID",image/jpeg,"Photograph of unmarked corner building located at the intersection of 1st and Main Street in Moscow, Idaho.",,,1935,yes,single-page; photographs,"Moscow, Idaho","Moscow, ID",46.733843,-117.001138,,"University of Idaho Library Digital Initiatives, https://www.lib.uidaho.edu/digital/","MG 101, Frank Bruce Robinson. Papers, 1929-1951, University of Idaho Library Special Collections and Archives",https://archiveswest.orbiscascade.org/ark:/80444/xv97133/op=fstyle.aspx?t=k&q=psychiana,"MG-101, Box 6, Folder - 'Psychiana Photographs'",mg101_b6_psychiana_photographs_002,"Educational use includes non-commercial use of text and images in materials for teaching and research purposes. Digital reproduction permissions granted by University of Idaho Library Special Collections and Archives Department. For other uses beyond free use, please contact University of Idaho Library Special Collections and Archives Department at libspec@uidaho.edu.",https://rightsstatements.org/vocab/InC-EDU/1.0/,Image;StillImage,eng,https://archiveswest.orbiscascade.org/ark:/80444/xv97133/op=fstyle.aspx?t=k&q=psychiana
psychiana019,mg101_b6_psychiana_photographs_011.jpg,,Photograph of clerical and bookkeeping staff from the branch mailing department.,image/jpeg,"Photograph of all women staff from Psychiana clerical and bookkeeping standing in front of the Branch Mailing Department at 1st and Main Street in Moscow, Idaho. This building is two stories and occupies half a block.",,,1938-01,yes,single-page; photographs,Psychiana Headquarters; Psychiana Staff; Bookkeeping; Mailings,"Moscow, ID",46.733843,-117.001138,,"University of Idaho Library Digital Initiatives, https://www.lib.uidaho.edu/digital/","MG 101, Frank Bruce Robinson. Papers, 1929-1951, University of Idaho Library Special Collections and Archives",https://archiveswest.orbiscascade.org/ark:/80444/xv97133/op=fstyle.aspx?t=k&q=psychiana,"MG-101, Box 6, Folder - 'Psychiana Photographs'",mg101_b6_psychiana_photographs_011,"Educational use includes non-commercial use of text and images in materials for teaching and research purposes. Digital reproduction permissions granted by University of Idaho Library Special Collections and Archives Department. For other uses beyond free use, please contact University of Idaho Library Special Collections and Archives Department at libspec@uidaho.edu.",https://rightsstatements.org/vocab/InC-EDU/1.0/,Image;StillImage,eng,https://archiveswest.orbiscascade.org/ark:/80444/xv97133/op=fstyle.aspx?t=k&q=psychiana
psychiana007,mg101_b7_f13_007.pdf,,Untitled illustration of hungry man,application/pdf,"A flyer featuring an untitled illustration of a man standing outside of a restaurant, looking hungrily at food he cannot afford to buy.",,,1942,yes,single-page; flyers,"Material Abundance; God-Realm; Wealth; Spirit of God, God-Power;  Hardships; Illustrations",,,,,"University of Idaho Library Digital Initiatives, https://www.lib.uidaho.edu/digital/","MG 101, Frank Bruce Robinson. Papers, 1929-1951, University of Idaho Library Special Collections and Archives",https://archiveswest.orbiscascade.org/ark:/80444/xv97133/op=fstyle.aspx?t=k&q=psychiana,"MG-101, Box 7, Folder 13",mg101_b7_f13_007,"Educational use includes non-commercial use of text and images in materials for teaching and research purposes. Digital reproduction permissions granted University of Idaho Library Special Collections and Archives Department. For other uses beyond free use, please contact University of Idaho Library Special Collections and Archives Department at libspec@uidaho.edu.",https://rightsstatements.org/vocab/InC-EDU/1.0/,Text,eng,https://archiveswest.orbiscascade.org/ark:/80444/xv97133/op=fstyle.aspx?t=k&q=psychiana
psychiana009,mg101_b7_f13_013.pdf,,The Light Within,application/pdf,A flyer featuring an illustration of a lighthouse on the coast representing the light of God within the viewer.,,,1942,yes,single-page; flyers,"Spirit of God, God-Power; Truth; Illustrations",,,,,"University of Idaho Library Digital Initiatives, https://www.lib.uidaho.edu/digital/","MG 101, Frank Bruce Robinson. Papers, 1929-1951, University of Idaho Library Special Collections and Archives",https://archiveswest.orbiscascade.org/ark:/80444/xv97133/op=fstyle.aspx?t=k&q=psychiana,"MG-101, Box 7, Folder 13",mg101_b7_f13_013,"Educational use includes non-commercial use of text and images in materials for teaching and research purposes. Digital reproduction permissions granted University of Idaho Library Special Collections and Archives Department. For other uses beyond free use, please contact University of Idaho Library Special Collections and Archives Department at libspec@uidaho.edu.",https://rightsstatements.org/vocab/InC-EDU/1.0/,Text,eng,https://archiveswest.orbiscascade.org/ark:/80444/xv97133/op=fstyle.aspx?t=k&q=psychiana
psychiana010,mg101_b7_f13_028.pdf,,For Rent - A Cross,application/pdf,A flyer to all Americans advertizing Frank B. Robinson's newest book.,,,1942,yes,single-page; flyers,"Robinson's Books; Moscow, Idaho",,,,,"University of Idaho Library Digital Initiatives, https://www.lib.uidaho.edu/digital/","MG 101, Frank Bruce Robinson. Papers, 1929-1951, University of Idaho Library Special Collections and Archives",https://archiveswest.orbiscascade.org/ark:/80444/xv97133/op=fstyle.aspx?t=k&q=psychiana,"MG-101, Box 7, Folder 13",mg101_b7_f13_028,"Educational use includes non-commercial use of text and images in materials for teaching and research purposes. Digital reproduction permissions granted by University of Idaho Library Special Collections and Archives Department. For other uses beyond free use, please contact University of Idaho Library Special Collections and Archives Department at libspec@uidaho.edu.",https://rightsstatements.org/vocab/InC-EDU/1.0/,Text,eng,https://archiveswest.orbiscascade.org/ark:/80444/xv97133/op=fstyle.aspx?t=k&q=psychiana
psychiana014,mg101_b7_f13_034.pdf,,Now --- It's War!,application/pdf,A flyer discussing the Japanese attack on Pearl Harbor in 1941.,"Robinson, Frank B.",,1941-12-07,,single-page; flyers,"Moscow, Idaho; World War;","New York, NY",40.713569,-74.023587,,"University of Idaho Library Digital Initiatives, https://www.lib.uidaho.edu/digital/","MG 101, Frank Bruce Robinson. Papers, 1929-1951, University of Idaho Library Special Collections and Archives",https://archiveswest.orbiscascade.org/ark:/80444/xv97133/op=fstyle.aspx?t=k&q=psychiana,"MG-101, Box 7, Folder 13",mg101_b7_f13_034,"Educational use includes non-commercial use of text and images in materials for teaching and research purposes. Digital reproduction permissions granted by University of Idaho Library Special Collections and Archives Department. For other uses beyond free use, please contact University of Idaho Library Special Collections and Archives Department at libspec@uidaho.edu.",https://rightsstatements.org/vocab/InC-EDU/1.0/,Text,eng,https://archiveswest.orbiscascade.org/ark:/80444/xv97133/op=fstyle.aspx?t=k&q=psychiana
psychiana015,mg101_b7_f23_005.pdf,,Business Reply Card [01],application/pdf,"A postage-paid, business reply card addressed to Psychiana headquarters.","Psychiana, Inc.",Gentlemen,1941,yes,postcard; reply cards,"Power; Spirit of God, God-Power;  Free; Information",,,,,"University of Idaho Library Digital Initiatives, https://www.lib.uidaho.edu/digital/","MG 101, Frank Bruce Robinson. Papers, 1929-1951, University of Idaho Library Special Collections and Archives",https://archiveswest.orbiscascade.org/ark:/80444/xv97133/op=fstyle.aspx?t=k&q=psychiana,"MG-101, Box 7, Folder 23",mg101_b7_f23_005,"Educational use includes non-commercial use of text and images in materials for teaching and research purposes. Digital reproduction permissions granted by University of Idaho Library Special Collections and Archives Department. For other uses beyond free use, please contact University of Idaho Library Special Collections and Archives Department at libspec@uidaho.edu.",https://rightsstatements.org/vocab/InC-EDU/1.0/,Text,eng,https://archiveswest.orbiscascade.org/ark:/80444/xv97133/op=fstyle.aspx?t=k&q=psychiana
psychiana016,mg101_b7_f23_023.pdf,,To 'Psychiana' Members who Have Allowed Their Commitments to Become Delinquent [02],application/pdf,A form letter from Frank B. Robinson asks members to meet their monetary commitment for the movement.,"Robinson, Frank B.",My dear friend and fellow-student,1934,yes,single-page; form letters,Commitment; Delinquent; Students; Lessons,,,,,"University of Idaho Library Digital Initiatives, https://www.lib.uidaho.edu/digital/","MG 101, Frank Bruce Robinson. Papers, 1929-1951, University of Idaho Library Special Collections and Archives",https://archiveswest.orbiscascade.org/ark:/80444/xv97133/op=fstyle.aspx?t=k&q=psychiana,"MG-101, Box 7, Folder 23",mg101_b7_f23_023,"Educational use includes non-commercial use of text and images in materials for teaching and research purposes. Digital reproduction permissions granted University of Idaho Library Special Collections and Archives Department. For other uses beyond free use, please contact University of Idaho Library Special Collections and Archives Department at libspec@uidaho.edu.",https://rightsstatements.org/vocab/InC-EDU/1.0/,Text,eng,https://archiveswest.orbiscascade.org/ark:/80444/xv97133/op=fstyle.aspx?t=k&q=psychiana
psychiana017,mg101_b7_f23_039.pdf,,A Money-Making Opportunity for 'Psychiana' Students Establish a 'Psychiana' Sales Agency,application/pdf,Fill out and sign enclosed 'Sales Agents Application Blank'. Notice to inform students about becoming sale agents for Psychiana.,,Students,1936,yes,multiple-page; application forms,Sale Agency; Money-Making Opportunity; Students; Territory; Spreading Psychiana,,,,,"University of Idaho Library Digital Initiatives, https://www.lib.uidaho.edu/digital/","MG 101, Frank Bruce Robinson. Papers, 1929-1951, University of Idaho Library Special Collections and Archives",https://archiveswest.orbiscascade.org/ark:/80444/xv97133/op=fstyle.aspx?t=k&q=psychiana,"MG-101, Box 7, Folder 23",mg101_b7_f23_039,"Educational use includes non-commercial use of text and images in materials for teaching and research purposes. Digital reproduction permissions granted by University of Idaho Library Special Collections and Archives Department. For other uses beyond free use, please contact University of Idaho Library Special Collections and Archives Department at libspec@uidaho.edu.",https://rightsstatements.org/vocab/InC-EDU/1.0/,Text,eng,https://archiveswest.orbiscascade.org/ark:/80444/xv97133/op=fstyle.aspx?t=k&q=psychiana
psychiana006,mg101_b7_f26_107.pdf,,The Amazing Story of 'Psychiana',application/pdf,Small card advertising a brochure about Psychiana for only $1.00. Includes detachable order form.,"Psychiana, Inc.",,1935/1950,yes,single-page; offers,Psychiana Headquarters; Psychiana Staff; Costs,,,,,"University of Idaho Library Digital Initiatives, https://www.lib.uidaho.edu/digital/","MG 101, Frank Bruce Robinson. Papers, 1929-1951, University of Idaho Library Special Collections and Archives",https://archiveswest.orbiscascade.org/ark:/80444/xv97133/op=fstyle.aspx?t=k&q=psychiana,"MG-101, Box 7, Folder 26",mg101_b7_f26_107,"Educational use includes non-commercial use of text and images in materials for teaching and research purposes. Digital reproduction permissions granted University of Idaho Library Special Collections and Archives Department. For other uses beyond free use, please contact University of Idaho Library Special Collections and Archives Department at libspec@uidaho.edu.",https://rightsstatements.org/vocab/InC-EDU/1.0/,Text,eng,https://archiveswest.orbiscascade.org/ark:/80444/xv97133/op=fstyle.aspx?t=k&q=psychiana
psychiana001,,x6eu5wj8b04,"Psychiana, A Mail Order Religion Created in the Small Town of Moscow, Idaho",video/mpeg,"Short video describing Psychiana, a mail order religion that preached the New Thought Movement. In 1928, Dr. Frank B. Robinson created Psychiana in Moscow, Idaho.",Northwest Public Broadcasting,,2019-08-28,,youtube video,Religion; Frank B. Robinson,,,,,Northwest Public Broadcasting,Northwest Public Broadcasting,,,,"Educational use includes non-commercial use of text and images in materials for teaching and research purposes. Digital reproduction permissions granted by University of Idaho Library Special Collections and Archives Department. For other uses beyond free use, please contact University of Idaho Library Special Collections and Archives Department at libspec@uidaho.edu.",https://rightsstatements.org/vocab/InC-EDU/1.0/,Audio,eng,